{"cameraMode":{"drawMode":0,"name":"Shaded","section":"Shading Mode"},"sceneLighting":true,"audioPlay":false,"sceneViewState":{"showFog":true,"showMaterialUpdate":true,"showSkybox":true,"showFlares":true,"showImageEffects":true,"showParticleSystems":true},"in2DMode":false,"pivot":{"x":0.9024075269699097,"y":0.47758668661117556,"z":-0.19309353828430177},"rotation":{"x":0.003433713922277093,"y":0.9958047270774841,"z":-0.0811472162604332,"w":0.04214892536401749},"size":6.0073957443237309,"orthographic":false}